Title,Date
"Girl From Nowhere The Reset: Sky","7/13/26"
"Melo Movie: Limited Series: It Will Become Scenic When Dawn Comes","5/10/26"
"Lorena, Light-Footed Woman","6/6/25"
"The Paradise of Thorns","3/3/25"
"Ride or Die","11/28/24"
"Heeramandi: The Diamond Bazaar: Season 1: Fareedanjaan: The Challenger Returns","11/4/24"
"Heeramandi: The Diamond Bazaar: Season 1: Mallikajaan: The Queen of Heeramandi","11/4/24"
"The Empress of Ayodhaya: The Empress Of Ayodhaya: Episode 3","11/4/24"
"The Empress of Ayodhaya: The Empress Of Ayodhaya: Episode 2","11/4/24"
"The Empress of Ayodhaya: The Empress Of Ayodhaya: Episode 1","11/4/24"
"Mea Culpa","11/2/24"
"Dark Desire: Season 1: Nothing is What it Seems","11/2/24"
"Dark Desire: Season 1: The Beauty of a Sudden Death","11/2/24"
"Dark Desire: Season 1: A Wicked Game of Mirrors","11/2/24"
"Dark Desire: Season 1: The Tell-Tale Heart","11/2/24"
"Dark Desire: Season 1: You Messed With The Wrong Woman","11/2/24"
"Dark Desire: Season 1: Are You Missing The Good Old Times?","11/2/24"
"Dark Desire: Season 1: What Do You Know About Darío Guerra?","11/2/24"
"Dark Desire: Season 1: Love, That Word","11/2/24"
"Dark Desire: Season 1: What Common People Call Love","11/2/24"
"Dark Desire: Season 1: One Last Night of Passion","11/2/24"
"Dark Desire: Season 1: It's Just Sex","11/2/24"
"Fatal Seduction: Season 1: My Brother's Keeper","11/2/24"
"Fatal Seduction: Season 1: Sins of the Past","11/2/24"
"Fatal Seduction: Season 1: Confrontation","11/2/24"
"Fatal Seduction: Season 1: Nothing Is as It Seems","11/2/24"
"Fatal Seduction: Season 1: Psychopath","11/2/24"
"Fatal Seduction: Season 1: The Truth Shall Break You","11/2/24"
"Fatal Seduction: Season 1: Caned","11/2/24"
"Fatal Seduction: Season 1: Denial","11/2/24"
"Fatal Seduction: Season 1: Who Is Jacob Tau?","11/2/24"
"Fatal Seduction: Season 1: Committed","11/2/24"
"Fatal Seduction: Season 1: Through the Wound","11/2/24"
"Fatal Seduction: Season 1: Mister Wrong","11/2/24"
"No Limit","11/2/24"
"Happy Ending","11/2/24"
"Lady Chatterley's Lover","11/2/24"
"Anne+: The Film","11/2/24"
"Gypsy: The Rabbit Hole","11/2/24"
"Elisa & Marcela","11/2/24"
"Class: Episode 1","11/2/24"
"She: Season 1: The Proposal","11/2/24"
"She: Season 1: The Pickup","11/2/24"
"The Pig, the Snake and the Pigeon","11/2/24"
"Tribhuvan Mishra CA Topper: Romance, Action, and Drama","11/2/24"
"Tribhuvan Mishra CA Topper: Family Function","11/2/24"
"Tribhuvan Mishra CA Topper: Guns N Roses","11/2/24"
"Tribhuvan Mishra CA Topper: Balls Of Steel","11/2/24"
"Tribhuvan Mishra CA Topper: Male Prostitute","11/2/24"
"Tribhuvan Mishra CA Topper: Sweet Union","11/2/24"
"Tribhuvan Mishra CA Topper: Bunty And Babli","11/2/24"
"Tribhuvan Mishra CA Topper: DilDesire.com","11/2/24"
"Tribhuvan Mishra CA Topper: Loser","11/2/24"
"Crew","11/2/24"
"Master of the House: Limited Series: The Last Supper","7/31/24"
"Single’s Inferno: Season 3: Episode 1","1/7/24"
"CODA","12/2/23"
"The Hunger Games: Mockingjay - Part 2","11/22/23"
"Irugapatru","11/22/23"
"The Hunger Games: Mockingjay - Part 1","11/22/23"
"Hong Kong West Side Stories: Finding Love in Massage","11/17/23"
"Hong Kong West Side Stories: Gym Men in the Dream","11/17/23"
"Hong Kong West Side Stories: PTGF & PTBF","11/17/23"
"Hong Kong West Side Stories: The Error after Night","11/17/23"
"Sexy Central: Episode 3","11/17/23"
"Kingdom: Season 1: Episode 1","11/7/23"
"The Bride of Naga: Episode 1","11/7/23"
"Vadh","11/7/23"
"Adai Mazhai Kaalam","11/7/23"
"Ala Vaikunthapurramuloo","11/7/23"
"Laabam","11/7/23"
"Drishyam","11/7/23"
"Mersal","11/7/23"
"Petta","11/7/23"
"Vaathi","11/7/23"
"Gatta Kusthi","11/7/23"
"Visaranai","11/7/23"
"Chandramukhi 2","11/7/23"
"Beast (Tamil)","11/7/23"
"Upin&Ipin: Season 5: Back To School","11/7/23"
"Love Today","11/7/23"
"Gangubai Kathiawadi","11/7/23"
"RRR (Hindi)","11/7/23"
"Kannathil Muthamittal","11/7/23"
"Kushi (Tamil)","11/7/23"
"Thunivu","11/7/23"
"Kannum Kannum Kollaiyadithaal","11/7/23"
"Maamannan (Tamil)","11/7/23"
"Jawan: Tamil Extended Cut","11/7/23"
"Doona!: An Unexpected Twist","10/26/23"
"Election","10/26/23"
"Dynasty Warriors","10/20/23"
"Zero to Hero","10/20/23"
"Warriors of Future","10/20/23"
"2046","10/20/23"
"In the Mood for Love","10/20/23"
"Better Days","10/20/23"
"Happy Together","10/16/23"
"Fallen Angels","10/15/23"
"Chungking Express","10/10/23"
"John Wick: Chapter 3 - Parabellum","10/3/23"
"The Legend of Anle: Episode 1","10/3/23"
"Love in a Puff","10/3/23"
"A Chinese Odyssey Part Two: Cinderella","10/3/23"
"The Letter for the King: Storm Clouds Gather","9/17/23"
"ONE PIECE: Season 1: ROMANCE DAWN","9/14/23"
"Girl from Nowhere: Season 1: The Ugly Truth","9/14/23"
"The Gray Man","9/14/23"
"Miss Sloane","9/13/23"
"You & Me & Me","8/31/23"
"Countdown","8/2/23"
"Girl from Nowhere: Season 2: The Judgement","5/20/23"
"Girl from Nowhere: Season 2: JennyX","5/20/23"
"Girl from Nowhere: Season 2: Liberation","5/20/23"
"Girl from Nowhere: Season 2: SOTUS","5/20/23"
"Girl from Nowhere: Season 2: Yuri","5/20/23"
"Girl from Nowhere: Season 2: Minnie and the Four Bodies","5/20/23"
"Girl from Nowhere: Season 2: True Love","5/20/23"
"MH370: The Plane That Disappeared: Limited Series: The Hijack","5/11/23"
"Our Planet: One Planet","5/11/23"
"Inhuman Kiss","5/2/23"
"La La Land","4/13/23"
"Hot Girls Wanted","4/11/23"
"Sex, Love & goop: A show about sex.","4/11/23"
"The Principles of Pleasure: Limited Series: Our Relationships","4/10/23"
"The Principles of Pleasure: Limited Series: Our Minds","4/10/23"
"The Principles of Pleasure: Limited Series: Our Bodies","4/10/23"
"BLACKPINK: Light Up the Sky","4/10/23"
"Too Hot to Handle: Season 4: The Shower and the Glory","4/10/23"
"Too Hot to Handle: Season 4: Flavia of the Month","4/10/23"
"Too Hot to Handle: Season 4: Officer Kill Joy","4/10/23"
"Too Hot to Handle: Season 4: There's Something About Nigel","4/10/23"
"Too Hot to Handle: Season 4: The Mile Dry Club","4/10/23"
"Squid Game: Season 1: One Lucky Day","4/9/23"
"Squid Game: Season 1: Front Man","4/9/23"
"Squid Game: Season 1: VIPS","4/9/23"
"Squid Game: Season 1: Gganbu","4/9/23"
"Squid Game: Season 1: A Fair World","4/9/23"
"Squid Game: Season 1: Stick to the Team","4/9/23"
"Squid Game: Season 1: The Man with the Umbrella","4/9/23"
"Squid Game: Season 1: Hell","4/9/23"
"Squid Game: Season 1: Red Light, Green Light","4/9/23"
"The Desire: Episode 1","4/9/23"
"Girl from Nowhere: Season 2: Pregnant","4/9/23"
"Girl from Nowhere: Season 1: Lost & Found","4/9/23"
"Girl from Nowhere: Season 1: Hi-So","4/9/23"
"Girl from Nowhere: Season 1: Apologies","4/9/23"
"The Naked Director: Season 1: The Hidden Side","4/8/23"
"SpongeBob SquarePants: Season 9: Extreme Spots/Squirrel Record","4/8/23"
"Firestorm","4/8/23"
"Girl from Nowhere: Season 1: BFF Part 2","4/7/23"
"Girl from Nowhere: Season 1: BFF Part 1","4/7/23"
"Girl from Nowhere: Season 1: The Rank","4/7/23"
"Girl from Nowhere: Season 1: Thank You Teacher","4/7/23"
"Girl from Nowhere: Season 1: Trap","4/7/23"
"Girl from Nowhere: Season 1: Wonderwall Part 2","4/7/23"
"Girl from Nowhere: Season 1: Wonderwall Part 1","4/7/23"
"Girl from Nowhere: Season 1: Social Love","4/7/23"
"Girl from Nowhere: Season 1: Trophy","4/7/23"
"Faces of Anne","4/6/23"
"Happy Ending","4/6/23"
"Who Rules the World: Episode 1","4/5/23"
"The Lost Lotteries","4/5/23"
"Happy New Year Happy New You","4/5/23"
"The Platform","4/5/23"
"Kill Boksoon","4/4/23"
"MH370: The Plane That Disappeared: Limited Series: The Pilot","4/3/23"
"The Queen's Gambit: Limited Series: Openings","4/3/23"
"Sex/Life: Season 2: Heavenly Day","4/3/23"
"Sex/Life: Season 2: Future Starts Today","4/3/23"
"Sex/Life: Season 2: The Weakness in Me","4/3/23"
"Sex/Life: Season 2: Seasons of Love","4/3/23"
"Sex/Life: Season 2: Georgia on My Mind","4/3/23"
"Sex/Life: Season 2: Welcome to New York","4/1/23"
"Sex/Life: Season 1: This Must Be the Place","3/31/23"
"Sex/Life: Season 1: Small Town Saturday Night","3/31/23"
"Sex/Life: Season 1: Somewhere Only We Know","3/31/23"
"Sex/Life: Season 1: The Sound of the Suburbs","3/31/23"
"Sex/Life: Season 1: New New York","3/31/23"
"Sex/Life: Season 1: Empire State of Mind","3/31/23"
"Sex/Life: Season 1: Down in the Tube Station at Midnight","3/31/23"
"Sex/Life: Season 1: The Wives Are in Connecticut","3/31/23"
"Slam Dunk: Season 1: The Birth of a Genius Basketball Man?!","3/31/23"
"John Wick: Chapter 2","3/30/23"
"John Wick","3/30/23"
